idBeneficiario,nombre,curp,fehaNacimiento,sexo,calle,colonia,municipio
1,Pablito,DIGV025672MDFYLGA7,2007-06-01,Hombre,Golondrinas,Mariposa,Cristal,Naucalpan
2,July,DIGV025672MDFYLGA7,2009-06-01,Hombre,Golondrinas,Mariposa,Cristal,Naucalpan
3,Roberto,Román,DIGV025672MDFYLGA7,2003-09-21,Hombre,Golondrinas,Mariposa,Cristal,Naucalpan
4,Luis,González,AEGF136578MDFYHLK8,1995-08-14,Hombre,Alondras,Primavera,Tlalnepantla
5,María,Pérez,BHKT045892MDFGRS56,1987-04-02,Mujer,Mirador,Bosques,del,Valle,Atizapán
6,Juan,Sánchez,CDMW098754MDFOTR34,2000-12-17,Hombre,Pinos,Santa,Cruz,Huixquilucan
7,Laura,Martínez,EOWA357412MDFPLM95,1998-06-25,Mujer,Cedros,La,Joya,Ecatepec
8,Ricardo,López,FLIH236598MDFRTN23,1989-03-07,Hombre,Azucenas,Bosque,Real,Cuautitlán
9,Mariana,Rodríguez,GMJP952347MDFUEW74,1996-07-19,Mujer,Dalias,Los,Pinos,Nezahualcóyotl
10,Diego,Vázquez,JNGK785421MDFHTY68,2001-11-10,Hombre,Alcatraces,San,Antonio,Toluca
11,Paola,Gómez,KLEO695847MDFVBN21,1993-02-18,Mujer,Fresnos,Los,Encinos,Coacalco
12,Andrés,Torres,NMWA123567MDFQWE95,1985-10-30,Hombre,Orquídeas,Villa,de,las,Flores,Chalco
13,Isabel,García,OPLK874123MDFXCV32,1994-05-12,Mujer,Clavel,Las,Rosas,Texcoco
14,Miguel,Hernández,PQWE235648MDFIOP97,1980-08-05,Hombre,Magnolias,Santa,Mónica,Ixtapaluca
15,Carla,Díaz,RSTU547823MDFKLJ63,1986-12-23,Mujer,Azaleas,Las,Haciendas,Cuautitlán,Izcalli
16,Javier,Juárez,UVZX965321MDFBNS79,1999-04-15,Hombre,Lirios,Los,Sauces,Chimalhuacán
17,Ana,Solís,WYQR874519MDFPLK36,1983-11-07,Mujer,Jazmín,Santa,Teresa,Ixtlahuaca
18,Pedro,Núñez,ZXCV456789MDFWOP12,1997-06-04,Hombre,Geranios,San,Mateo,Nicolas,Romero
19,Sofía,González,LKJH854796MDFETR95,1984-09-09,Mujer,Lavandas,Los,Laureles,Atenco
20,Arturo,López,TYUI685432MDFQWE48,1982-02-20,Hombre,Tulipanes,El,Mirador,Tultitlán
21,Lucía,García,OPDF567892MDFJHY56,1990-07-30,Mujer,Crisantemos,Santa,María,Tecámac
22,Jorge,Martínez,NBVC123456MDFDFA87,1988-12-12,Hombre,Tulipanes,Santa,Rosa,Toluca
23,Eduardo,Alfredo,Ramirez,RAME030103HDFMA05,2010-10-10,Hombre,Pachuca,Valle,Ceylan,Tlanepantla
24,Eduardo,Alfredo,Ramirez,RAME030103HDFMA05,2010-10-10,Hombre,Pachuca,Valle,Ceylan,Tlanepantla
25,Eduardo,ABCD,2010-10-10,Hombre,Pachuca,Valle,Ceylan,Tlanepantla
26,Eduardo,ABCD,2010-10-10,Hombre,Pachuca,Valle,Ceylan,Tlanepantla
27,Eduardo,ABCD,2010-10-10,Hombre,Pachuca,Valle,Ceylan,Tlanepantla