idAviso	idComedor	idTipoAviso	fecha	descripcion	estado
333	12	4	2023-09-14 12:17:17	Fallas de equipos	Pendiente
334	13	5	2023-09-20 14:17:27	Personal insuficiente	Pendiente
335	4	4	2023-10-08 14:27:24	Fallas de equipos	Pendiente
336	31	4	2023-09-21 12:23:00	Fallas de equipos	Pendiente
337	3	3	2023-09-23 12:16:56	No hay alimentos suficientes	Pendiente
338	27	1	2023-09-24 12:29:00	Falta de gas	Pendiente
339	19	2	2023-10-09 15:48:38	Comedor cerrado	Pendiente
340	3	2	2023-10-05 13:59:30	Comedor cerrado	Pendiente
341	12	6	2023-09-30 15:57:14	Otro	Pendiente
342	27	2	2023-10-09 14:45:28	Comedor cerrado	Pendiente
343	8	6	2023-10-05 12:02:40	Otro	Pendiente
344	22	3	2023-10-03 12:04:43	No hay alimentos suficientes	Pendiente
345	19	5	2023-09-30 12:46:10	Personal insuficiente	Pendiente
346	4	4	2023-09-26 14:04:59	Fallas de equipos	Pendiente
347	4	1	2023-09-30 12:47:28	No hay luz	Pendiente
348	3	6	2023-10-08 15:05:05	Otro	Pendiente
349	20	1	2023-10-04 15:49:59	Falta de gas	Pendiente
350	33	1	2023-09-21 14:12:54	Falta de agua	Pendiente
351	4	5	2023-10-09 14:42:50	Personal insuficiente	Pendiente
352	26	6	2023-09-25 15:10:33	Otro	Pendiente
353	31	2	2023-09-23 12:10:13	Comedor cerrado	Pendiente
354	14	5	2023-09-24 12:18:34	Personal insuficiente	Pendiente
355	23	1	2023-09-18 13:09:59	Falta de gas	Pendiente
356	32	1	2023-09-12 15:47:27	Falta de agua	Pendiente
357	21	2	2023-09-14 14:59:02	Comedor cerrado	Pendiente
358	38	1	2023-10-03 15:53:02	No hay luz	Pendiente
359	17	2	2023-09-13 15:25:40	Comedor cerrado	Pendiente
360	14	5	2023-10-01 15:05:47	Personal insuficiente	Pendiente
361	34	6	2023-09-21 14:53:27	Otro	Pendiente
362	29	4	2023-10-05 14:35:57	Fallas de equipos	Pendiente
363	18	2	2023-09-15 12:49:46	Comedor cerrado	Pendiente
364	21	4	2023-10-03 12:27:14	Fallas de equipos	Pendiente
365	17	4	2023-09-14 12:42:49	Fallas de equipos	Pendiente
366	29	5	2023-09-12 14:12:53	Personal insuficiente	Pendiente
367	20	4	2023-09-29 12:17:21	Fallas de equipos	Pendiente
368	28	5	2023-09-26 12:18:13	Personal insuficiente	Pendiente
369	25	5	2023-09-29 15:58:53	Personal insuficiente	Pendiente
370	21	5	2023-10-04 12:12:34	Personal insuficiente	Pendiente
371	5	2	2023-09-14 14:16:38	Comedor cerrado	Pendiente
372	7	5	2023-09-30 15:38:55	Personal insuficiente	Pendiente
373	4	4	2023-09-27 15:49:21	Fallas de equipos	Pendiente
374	28	2	2023-09-22 14:06:11	Comedor cerrado	Pendiente
375	16	4	2023-09-30 12:50:55	Fallas de equipos	Pendiente
376	18	3	2023-10-05 15:34:02	No hay alimentos suficientes	Pendiente
377	19	5	2023-10-04 12:02:45	Personal insuficiente	Pendiente
378	13	3	2023-10-02 15:04:22	No hay alimentos suficientes	Pendiente
379	1	4	2023-10-01 14:24:07	Fallas de equipos	Pendiente
380	18	2	2023-10-04 12:52:57	Comedor cerrado	Pendiente
381	1	2	2023-10-09 12:47:36	Comedor cerrado	Pendiente
382	9	2	2023-09-30 14:04:11	Comedor cerrado	Pendiente
383	31	6	2023-09-17 14:13:22	Otro	Pendiente
384	29	2	2023-09-13 15:01:58	Comedor cerrado	Pendiente
385	12	4	2023-09-30 13:05:36	Fallas de equipos	Pendiente
386	34	6	2023-10-06 14:07:10	Otro	Pendiente
387	38	3	2023-09-11 14:27:36	No hay alimentos suficientes	Pendiente
388	11	2	2023-09-27 15:59:46	Comedor cerrado	Pendiente
389	15	1	2023-09-22 12:17:42	Falta de agua	Pendiente
390	2	6	2023-09-24 14:27:53	Otro	Pendiente
391	30	4	2023-10-08 12:03:50	Fallas de equipos	Pendiente
392	23	1	2023-09-28 12:32:33	No hay luz	Pendiente
393	19	6	2023-10-08 13:02:01	Otro	Pendiente
394	24	3	2023-09-26 15:02:13	No hay alimentos suficientes	Pendiente
395	33	3	2023-09-19 15:02:16	No hay alimentos suficientes	Pendiente
396	32	5	2023-09-11 15:25:04	Personal insuficiente	Pendiente
397	7	5	2023-10-05 12:08:16	Personal insuficiente	Pendiente
398	26	6	2023-09-11 15:41:08	Otro	Pendiente
399	4	6	2023-09-13 15:51:59	Otro	Pendiente
400	11	4	2023-09-15 12:02:01	Fallas de equipos	Pendiente
401	29	1	2023-10-06 15:55:44	Falta de agua	Pendiente
402	35	3	2023-09-20 15:15:03	No hay alimentos suficientes	Pendiente
403	3	5	2023-09-30 15:16:41	Personal insuficiente	Pendiente
404	1	3	2023-09-22 14:44:03	No hay alimentos suficientes	Pendiente
405	24	2	2023-09-30 13:43:34	Comedor cerrado	Pendiente
406	33	5	2023-09-19 12:24:00	Personal insuficiente	Pendiente
407	1	2	2023-09-30 14:14:47	Comedor cerrado	Pendiente
408	6	2	2023-09-21 13:04:17	Comedor cerrado	Pendiente
409	20	6	2023-09-22 12:40:51	Otro	Pendiente
410	7	1	2023-09-10 14:17:56	Falta de gas	Pendiente
411	17	1	2023-09-22 13:33:56	No hay luz	Pendiente
412	23	1	2023-09-22 12:29:00	Falta de agua	Pendiente
413	35	6	2023-09-10 12:09:50	Otro	Pendiente
414	11	5	2023-09-21 13:08:45	Personal insuficiente	Pendiente
415	37	3	2023-10-08 12:03:41	No hay alimentos suficientes	Pendiente
416	23	1	2023-09-30 13:21:40	Falta de agua	Pendiente
417	20	2	2023-09-27 15:47:22	Comedor cerrado	Pendiente
418	29	5	2023-09-29 14:24:57	Personal insuficiente	Pendiente
419	9	5	2023-09-20 14:48:38	Personal insuficiente	Pendiente
420	27	1	2023-09-29 13:16:38	Falta de agua	Pendiente
421	12	3	2023-09-28 15:04:55	No hay alimentos suficientes	Pendiente
422	11	3	2023-09-21 12:49:24	No hay alimentos suficientes	Pendiente
423	8	1	2023-09-16 13:38:54	Falta de gas	Pendiente
424	16	6	2023-09-28 15:22:03	Otro	Pendiente
425	4	2	2023-09-10 14:33:31	Comedor cerrado	Pendiente
426	5	2	2023-09-16 13:45:05	Comedor cerrado	Pendiente
427	29	2	2023-09-24 14:14:14	Comedor cerrado	Pendiente
428	19	6	2023-09-24 14:44:25	Otro	Pendiente
429	11	1	2023-09-24 13:00:53	No hay luz	Pendiente
430	32	6	2023-10-08 14:31:09	Otro	Pendiente
431	35	4	2023-10-02 13:56:38	Fallas de equipos	Pendiente
432	14	1	2023-09-18 13:26:39	No hay luz	Pendiente
433	18	4	2023-09-26 13:15:16	Fallas de equipos	Pendiente
434	6	6	2023-09-30 12:50:42	Otro	Pendiente
435	13	6	2023-09-24 13:17:25	Otro	Pendiente
436	10	6	2023-09-28 12:58:05	Otro	Pendiente
437	7	4	2023-09-27 13:44:41	Fallas de equipos	Pendiente
438	16	1	2023-09-14 15:20:31	Falta de gas	Pendiente
439	8	1	2023-10-02 15:41:10	Falta de agua	Pendiente
440	21	4	2023-10-02 12:54:14	Fallas de equipos	Pendiente
441	19	6	2023-10-05 14:09:47	Otro	Pendiente
442	33	6	2023-09-26 13:26:30	Otro	Pendiente
443	13	6	2023-09-30 15:35:36	Otro	Pendiente
444	37	4	2023-10-07 13:39:58	Fallas de equipos	Pendiente
445	33	2	2023-09-28 13:07:47	Comedor cerrado	Pendiente
446	33	4	2023-09-25 15:57:45	Fallas de equipos	Pendiente
447	10	3	2023-10-08 12:33:16	No hay alimentos suficientes	Pendiente
448	34	2	2023-09-24 13:04:33	Comedor cerrado	Pendiente
449	6	3	2023-09-16 13:46:43	No hay alimentos suficientes	Pendiente
450	10	3	2023-10-03 15:46:10	No hay alimentos suficientes	Pendiente
451	29	3	2023-09-25 12:18:43	No hay alimentos suficientes	Pendiente
452	35	3	2023-09-30 14:11:18	No hay alimentos suficientes	Pendiente
453	21	4	2023-09-28 13:01:28	Fallas de equipos	Pendiente
454	30	3	2023-09-21 13:07:28	No hay alimentos suficientes	Pendiente
455	30	4	2023-09-16 13:45:14	Fallas de equipos	Pendiente
456	5	4	2023-09-28 14:09:33	Fallas de equipos	Pendiente
457	21	4	2023-09-27 14:04:05	Fallas de equipos	Pendiente
458	10	2	2023-09-10 12:58:28	Comedor cerrado	Pendiente
459	10	1	2023-09-16 14:45:34	Falta de agua	Pendiente
460	6	1	2023-09-17 15:08:42	Falta de gas	Pendiente
461	2	2	2023-09-30 15:44:17	Comedor cerrado	Pendiente
462	36	4	2023-09-28 12:07:49	Fallas de equipos	Pendiente
463	34	1	2023-09-24 15:45:28	No hay luz	Pendiente
464	11	1	2023-09-25 12:59:09	Falta de agua	Pendiente
465	17	4	2023-09-16 12:38:56	Fallas de equipos	Pendiente
466	21	3	2023-09-20 13:50:17	No hay alimentos suficientes	Pendiente
467	27	1	2023-09-22 13:07:36	Falta de agua	Pendiente
468	5	1	2023-10-08 15:59:39	No hay luz	Pendiente
469	27	3	2023-10-09 15:17:38	No hay alimentos suficientes	Pendiente
470	5	1	2023-09-30 12:46:29	No hay luz	Pendiente
471	10	5	2023-10-09 15:18:59	Personal insuficiente	Pendiente
472	31	6	2023-09-16 12:27:11	Otro	Pendiente
473	29	3	2023-09-10 12:59:19	No hay alimentos suficientes	Pendiente
474	21	1	2023-09-14 13:47:33	No hay luz	Pendiente
475	20	2	2023-10-02 12:49:24	Comedor cerrado	Pendiente
476	16	6	2023-09-12 13:13:27	Otro	Pendiente
477	12	4	2023-09-25 13:45:35	Fallas de equipos	Pendiente
478	21	4	2023-10-09 12:27:29	Fallas de equipos	Pendiente
479	13	2	2023-10-04 13:37:53	Comedor cerrado	Pendiente
480	19	3	2023-10-04 15:37:17	No hay alimentos suficientes	Pendiente
481	21	4	2023-10-09 13:17:11	Fallas de equipos	Pendiente
482	13	2	2023-09-18 13:00:35	Comedor cerrado	Pendiente
483	6	4	2023-09-23 14:42:16	Fallas de equipos	Pendiente
484	35	1	2023-09-30 12:55:32	Falta de agua	Pendiente
485	10	1	2023-09-13 14:35:49	Falta de agua	Pendiente
486	27	3	2023-09-17 13:13:25	No hay alimentos suficientes	Pendiente
487	4	5	2023-09-15 14:28:25	Personal insuficiente	Pendiente
488	38	3	2023-09-11 14:03:49	No hay alimentos suficientes	Pendiente
489	12	1	2023-10-04 14:42:26	Falta de agua	Pendiente
490	37	5	2023-09-12 14:49:13	Personal insuficiente	Pendiente
491	3	1	2023-09-14 13:19:12	Falta de agua	Pendiente
492	24	4	2023-09-24 14:57:43	Fallas de equipos	Pendiente
493	20	6	2023-09-23 12:35:39	Otro	Pendiente
494	15	6	2023-09-28 13:38:32	Otro	Pendiente
495	35	2	2023-10-03 15:52:14	Comedor cerrado	Pendiente
496	29	6	2023-10-05 13:02:12	Otro	Pendiente
497	9	1	2023-09-11 15:22:48	Falta de gas	Pendiente
498	36	5	2023-09-28 13:42:56	Personal insuficiente	Pendiente
499	16	4	2023-09-24 14:37:14	Fallas de equipos	Pendiente
500	29	6	2023-09-25 15:26:22	Otro	Pendiente
501	31	1	2023-10-07 13:46:28	No hay luz	Pendiente
502	11	6	2023-09-30 12:28:31	Otro	Pendiente
503	16	1	2023-09-23 12:13:13	Falta de gas	Pendiente
504	3	4	2023-09-24 13:02:52	Fallas de equipos	Pendiente
505	32	6	2023-09-12 13:07:24	Otro	Pendiente
506	25	6	2023-09-13 13:23:11	Otro	Pendiente
507	37	6	2023-09-24 15:05:46	Otro	Pendiente
508	7	1	2023-09-30 13:47:19	Falta de agua	Pendiente
509	3	5	2023-09-20 13:52:22	Personal insuficiente	Pendiente
510	33	5	2023-10-05 15:40:21	Personal insuficiente	Pendiente
511	24	1	2023-09-19 15:59:51	No hay luz	Pendiente
512	16	6	2023-09-13 14:28:50	Otro	Pendiente
513	12	3	2023-09-15 12:05:23	No hay alimentos suficientes	Pendiente
514	37	1	2023-09-30 13:39:28	Falta de gas	Pendiente
515	12	3	2023-09-28 12:44:12	No hay alimentos suficientes	Pendiente
516	25	5	2023-10-06 12:23:35	Personal insuficiente	Pendiente
517	3	4	2023-10-03 13:14:56	Fallas de equipos	Pendiente
518	14	5	2023-09-15 13:16:22	Personal insuficiente	Pendiente
519	13	2	2023-09-16 14:27:00	Comedor cerrado	Pendiente
520	33	2	2023-10-05 15:42:57	Comedor cerrado	Pendiente
521	17	2	2023-09-15 15:30:01	Comedor cerrado	Pendiente
522	12	4	2023-10-02 15:00:22	Fallas de equipos	Pendiente
523	11	1	2023-09-19 13:42:30	Falta de agua	Pendiente
524	9	3	2023-09-28 13:56:34	No hay alimentos suficientes	Pendiente
525	4	4	2023-09-30 15:35:08	Fallas de equipos	Pendiente
526	32	2	2023-09-28 15:27:27	Comedor cerrado	Pendiente
527	20	3	2023-10-04 14:15:09	No hay alimentos suficientes	Pendiente
528	26	6	2023-10-07 13:46:50	Otro	Pendiente
529	13	3	2023-09-26 14:01:25	No hay alimentos suficientes	Pendiente
530	37	2	2023-09-19 12:08:20	Comedor cerrado	Pendiente
531	13	2	2023-10-07 13:49:28	Comedor cerrado	Pendiente
532	6	6	2023-09-30 14:35:47	Otro	Pendiente
