idBeneficiario	nombre	curp	fechaNacimiento	sexo	calle	colonia	municipio
1	Luis Rodríguez	ABC123456XYZ	1990-05-15	Hombre	Calle 1	Colonia 1	Atizapán de Zaragoza
2	María Pérez	DEF789012UVW	1985-08-20	Mujer	Calle 2	Colonia 2	Atizapán de Zaragoza
3	Alejandro Gómez	GHI456789OPQ	1978-12-03	Otro	Calle 3	Colonia 3	Naucalpan de Juárez
4	Fernanda Sánchez	IJK123456LMN	1987-04-10	Mujer	Calle 4	Colonia 4	Tlalnepantla
5	Andrés Martínez	OPQ567890RST	1982-07-18	Hombre	Calle 5	Colonia 5	Atizapán de Zaragoza
6	Valeria López	UVW678901ABC	1995-01-25	Mujer	Calle 6	Colonia 6	Naucalpan de Juárez
7	Rodrigo Díaz	YZA789012BCD	1973-11-08	Hombre	Calle 7	Colonia 7	Tlalnepantla
8	Ana López	EFG901234HIJ	1992-09-20	Mujer	Calle 8	Colonia 8	Atizapán de Zaragoza
9	Javier Torres	LMN567890OPQ	1988-06-14	Hombre	Calle 9	Colonia 9	Naucalpan de Juárez
10	Daniela Rodríguez	RST901234UVW	1971-03-30	Mujer	Calle 10	Colonia 10	Tlalnepantla
11	Sergio Martínez	ABC345678DEF	1983-08-12	Hombre	Calle 11	Colonia 11	Atizapán de Zaragoza
12	Laura Díaz	GHI567890LMN	1990-12-05	Mujer	Calle 12	Colonia 12	Naucalpan de Juárez
13	Diego Sánchez	OPQ901234RST	1967-07-22	Hombre	Calle 13	Colonia 13	Tlalnepantla
14	Carolina Gómez	UVW345678ABC	1978-10-19	Mujer	Calle 14	Colonia 14	Atizapán de Zaragoza
15	Andrés Rodríguez	EFG567890HIJ	1986-02-27	Hombre	Calle 15	Colonia 15	Naucalpan de Juárez
16	Valentina Martínez	LMN901234OPQ	1965-05-14	Mujer	Calle 16	Colonia 16	Tlalnepantla
17	Mariano Sánchez	RST567890UVW	1994-04-11	Hombre	Calle 17	Colonia 17	Atizapán de Zaragoza
18	Lorena Gómez	ABC901234DEF	1984-12-01	Mujer	Calle 18	Colonia 18	Naucalpan de Juárez
19	Héctor Martínez	GHI567890LMN	1973-09-08	Hombre	Calle 19	Colonia 19	Tlalnepantla
20	Carmen Díaz	OPQ901234RST	1997-08-23	Mujer	Calle 20	Colonia 20	Atizapán de Zaragoza
21	Eduardo Sánchez	UVW567890ABC	1972-11-17	Hombre	Calle 21	Colonia 21	Naucalpan de Juárez
22	Liliana Martínez	EFG901234HIJ	1987-06-06	Mujer	Calle 22	Colonia 22	Tlalnepantla
23	Carlos Gómez	LMN567890OPQ	1999-09-12	Hombre	Calle 23	Colonia 23	Atizapán de Zaragoza
24	Sofía Rodríguez	RST901234UVW	1980-04-05	Mujer	Calle 24	Colonia 24	Naucalpan de Juárez
25	Adrián Martínez	ABC567890DEF	1978-03-18	Hombre	Calle 25	Colonia 25	Tlalnepantla
26	Laura Gómez	GHI901234LMN	1992-01-31	Mujer	Calle 26	Colonia 26	Atizapán de Zaragoza
27	Jesús Pérez	OPQ567890RST	1976-12-09	Hombre	Calle 27	Colonia 27	Naucalpan de Juárez
28	Isabella Martínez	UVW901234ABC	1993-07-24	Mujer	Calle 28	Colonia 28	Tlalnepantla
29	Miguel Sánchez	EFG567890HIJ	1985-10-11	Hombre	Calle 29	Colonia 29	Atizapán de Zaragoza
30	Valeria Gómez	LMN901234OPQ	1979-09-17	Mujer	Calle 30	Colonia 30	Naucalpan de Juárez
31	Francisco Martínez	RST567890UVW	1996-03-19	Hombre	Calle 31	Colonia 31	Tlalnepantla
32	Camila Pérez	ABC901234DEF	1987-12-18	Mujer	Calle 32	Colonia 32	Atizapán de Zaragoza
33	Joaquín Gómez	GHI567890LMN	1966-07-06	Hombre	Calle 33	Colonia 33	Naucalpan de Juárez
34	Diana Rodríguez	OPQ901234RST	1973-02-16	Mujer	Calle 34	Colonia 34	Tlalnepantla
35	Erick Martínez	UVW567890ABC	1970-11-29	Hombre	Calle 35	Colonia 35	Atizapán de Zaragoza
36	Sofía Pérez	EFG901234HIJ	1995-06-07	Mujer	Calle 36	Colonia 36	Naucalpan de Juárez
37	Daniel Gómez	LMN567890OPQ	1972-04-28	Hombre	Calle 37	Colonia 37	Tlalnepantla
38	Valentina Rodríguez	RST901234UVW	1998-03-23	Mujer	Calle 38	Colonia 38	Atizapán de Zaragoza
39	Carlos Sánchez	ABC567890DEF	1988-11-01	Hombre	Calle 39	Colonia 39	Naucalpan de Juárez
40	María Martínez	GHI901234LMN	1971-02-12	Mujer	Calle 40	Colonia 40	Tlalnepantla
41	Javier Pérez	OPQ567890RST	1976-07-31	Hombre	Calle 41	Colonia 41	Atizapán de Zaragoza
42	Laura Gómez	UVW901234ABC	1986-10-16	Mujer	Calle 42	Colonia 42	Naucalpan de Juárez
43	Alejandro Rodríguez	EFG567890HIJ	1993-11-25	Hombre	Calle 43	Colonia 43	Tlalnepantla
44	Sofía Martínez	LMN901234OPQ	1974-06-05	Mujer	Calle 44	Colonia 44	Atizapán de Zaragoza
45	David Pérez	RST567890UVW	1979-09-03	Hombre	Calle 45	Colonia 45	Naucalpan de Juárez
46	Valentina Gómez	ABC901234DEF	1998-10-12	Mujer	Calle 46	Colonia 46	Tlalnepantla
47	Martín Rodríguez	GHI901234LMN	1980-12-07	Hombre	Calle 47	Colonia 47	Atizapán de Zaragoza
48	Laura Gómez	OPQ567890RST	1963-03-14	Mujer	Calle 48	Colonia 48	Naucalpan de Juárez
49	Eduardo Martínez	UVW901234ABC	1977-08-29	Hombre	Calle 49	Colonia 49	Tlalnepantla
50	Valeria Pérez	EFG567890HIJ	1995-12-26	Mujer	Calle 50	Colonia 50	Atizapán de Zaragoza
51	Javier Gómez	LMN901234OPQ	1976-07-19	Hombre	Calle 51	Colonia 51	Naucalpan de Juárez
52	Lorena Rodríguez	RST567890UVW	1981-02-03	Mujer	Calle 52	Colonia 52	Tlalnepantla
53	Daniel Martínez	ABC901234DEF	1990-06-08	Hombre	Calle 53	Colonia 53	Atizapán de Zaragoza
54	Sara Pérez	GHI901234LMN	1987-01-14	Mujer	Calle 54	Colonia 54	Naucalpan de Juárez
55	Jorge Rodríguez	OPQ567890RST	1973-04-18	Hombre	Calle 55	Colonia 55	Tlalnepantla
56	Mariana Gómez	UVW901234ABC	1986-05-21	Mujer	Calle 56	Colonia 56	Atizapán de Zaragoza
57	Carlos Pérez	EFG567890HIJ	1969-08-09	Hombre	Calle 57	Colonia 57	Naucalpan de Juárez
58	Laura Rodríguez	LMN901234OPQ	1984-01-22	Mujer	Calle 58	Colonia 58	Tlalnepantla
59	Javier Martínez	RST567890UVW	1991-06-11	Hombre	Calle 59	Colonia 59	Atizapán de Zaragoza
60	Sofía Gómez	ABC901234DEF	1969-09-27	Mujer	Calle 60	Colonia 60	Naucalpan de Juárez
61	Carlos Rodríguez	GHI901234LMN	1974-12-02	Hombre	Calle 61	Colonia 61	Tlalnepantla
62	Valentina Martínez	OPQ567890RST	1999-02-16	Mujer	Calle 62	Colonia 62	Atizapán de Zaragoza
63	Luis Gómez	UVW901234ABC	1983-07-05	Hombre	Calle 63	Colonia 63	Naucalpan de Juárez
64	Mariana Pérez	EFG567890HIJ	1965-08-21	Mujer	Calle 64	Colonia 64	Tlalnepantla
65	Jesús Martínez	LMN901234OPQ	1980-11-17	Hombre	Calle 65	Colonia 65	Atizapán de Zaragoza
66	Valentina Gómez	RST567890UVW	1994-01-01	Mujer	Calle 66	Colonia 66	Naucalpan de Juárez
67	Luis Pérez	ABC901234DEF	1972-08-19	Hombre	Calle 67	Colonia 67	Tlalnepantla
68	Mariana Rodríguez	GHI901234LMN	1998-07-02	Mujer	Calle 68	Colonia 68	Atizapán de Zaragoza
69	Carlos Gómez	OPQ567890RST	1965-10-24	Hombre	Calle 69	Colonia 69	Naucalpan de Juárez
70	Sofía Martínez	UVW901234ABC	1984-06-29	Mujer	Calle 70	Colonia 70	Tlalnepantla
71	Alejandro Pérez	EFG567890HIJ	1976-01-18	Hombre	Calle 71	Colonia 71	Atizapán de Zaragoza
72	Valentina Gómez	LMN901234OPQ	1991-04-07	Mujer	Calle 72	Colonia 72	Naucalpan de Juárez
73	Andrés Rodríguez	RST567890UVW	1969-09-05	Hombre	Calle 73	Colonia 73	Tlalnepantla
74	Laura Martínez	ABC901234DEF	1981-10-25	Mujer	Calle 74	Colonia 74	Atizapán de Zaragoza
75	Javier Gómez	GHI901234LMN	1982-05-17	Hombre	Calle 75	Colonia 75	Naucalpan de Juárez
76	Sofía Rodríguez	OPQ567890RST	1978-03-11	Mujer	Calle 76	Colonia 76	Tlalnepantla
77	Luis Martínez	UVW901234ABC	1993-12-10	Hombre	Calle 77	Colonia 77	Atizapán de Zaragoza
78	María Gómez	EFG567890HIJ	1984-06-02	Mujer	Calle 78	Colonia 78	Naucalpan de Juárez
79	Carlos Pérez	LMN901234OPQ	1976-03-13	Hombre	Calle 79	Colonia 79	Tlalnepantla
80	Sofía Rodríguez	RST567890UVW	1996-08-26	Mujer	Calle 80	Colonia 80	Atizapán de Zaragoza
81	Javier Gómez	ABC901234DEF	1982-05-17	Hombre	Calle 81	Colonia 81	Naucalpan de Juárez
82	Valentina Martínez	GHI901234LMN	1968-10-19	Mujer	Calle 82	Colonia 82	Tlalnepantla
83	Miguel Pérez	OPQ567890RST	1998-12-18	Hombre	Calle 83	Colonia 83	Atizapán de Zaragoza
84	Laura Martínez	UVW901234ABC	1986-07-12	Mujer	Calle 84	Colonia 84	Naucalpan de Juárez
85	Diego Rodríguez	EFG567890HIJ	1965-03-05	Hombre	Calle 85	Colonia 85	Tlalnepantla
86	Sofía Gómez	LMN901234OPQ	1972-02-22	Mujer	Calle 86	Colonia 86	Atizapán de Zaragoza
87	Martín Pérez	RST567890UVW	1995-06-28	Hombre	Calle 87	Colonia 87	Naucalpan de Juárez
88	Valentina Martínez	ABC901234DEF	1982-09-20	Mujer	Calle 88	Colonia 88	Tlalnepantla
89	Andrés Rodríguez	GHI901234LMN	1973-12-15	Hombre	Calle 89	Colonia 89	Atizapán de Zaragoza
90	Laura Gómez	OPQ567890RST	1998-03-09	Mujer	Calle 90	Colonia 90	Naucalpan de Juárez
91	Carlos Martínez	UVW901234OPQ	1989-09-14	Hombre	Calle 91	Colonia 91	Tlalnepantla
92	Sofía Pérez	EFG567890RST	1977-04-17	Mujer	Calle 92	Colonia 92	Atizapán de Zaragoza
93	Joaquín Rodríguez	LMN901234UVW	1970-05-30	Hombre	Calle 93	Colonia 93	Naucalpan de Juárez
94	Valentina Gómez	RST567890OPQ	1997-10-05	Mujer	Calle 94	Colonia 94	Tlalnepantla
95	Alejandro Martínez	ABC901234DEF	1985-01-11	Hombre	Calle 95	Colonia 95	Atizapán de Zaragoza
96	Laura Pérez	GHI901234LMN	1978-08-12	Mujer	Calle 96	Colonia 96	Naucalpan de Juárez
97	Carlos Rodríguez	OPQ567890RST	1973-06-09	Hombre	Calle 97	Colonia 97	Tlalnepantla
98	Valentina Gómez	UVW901234ABC	1994-11-24	Mujer	Calle 98	Colonia 98	Atizapán de Zaragoza
99	Joaquín Martínez	EFG567890HIJ	1976-02-15	Hombre	Calle 99	Colonia 99	Naucalpan de Juárez
100	Sofía Rodríguez	LMN901234OPQ	1988-07-20	Mujer	Calle 100	Colonia 100	Tlalnepantla