idComedor	nombre	contrasena	calle	colonia	municipio	telefono	nombreRP	telefonoRP
1	Calle Porfirio Díaz	abc123	Calle Porfirio Díaz #27	5 de Mayo	Atizapán de Zaragoza	55 3974 7974	Juan Pérez	55 3974 7975
2	Privada Zacatecas	password	Privada Zacatecas no. 6	Adolfo López Mateos	Atizapán de Zaragoza	56 1021 5822	María Rodríguez	56 1021 5823
3	Calle León	securepass	Calle León #1, Esq. Coatzacoalcos	Amp. Adolfo López Mateos	Atizapán de Zaragoza	56 1904 9313	Luis González	56 1904 9314
4	Av. Ejército Mexicano	mysecretpassword	Av. Ejército Mexicano s/n	Amp. Emiliano Zapata	Atizapán de Zaragoza	56 2678 4747	Laura Martínez	56 2678 4748
5	Cda. Gardenias	p@ssw0rd	Cda. Gardenias #3	Amp. Peñitas	Atizapán de Zaragoza	56 2021 8500	Roberto Hernández	56 2021 8501
6	Calle Aldama	pass1234	Calle Aldama #17	Amp. Profesor Cristobal Higuera	Atizapán de Zaragoza	56 1108 5980	Karla Pérez	56 1108 5981
7	Calle Avena	qwerty	Calle Avena Mz. 5 Lt. 12	Amp. Villa de las Palmas	Atizapán de Zaragoza	55 2149 9089	Daniel Rodríguez	55 2149 9090
8	Cerrada Sauces	letmein	Cerrada Sauces Mz. 12 Lt. 13-C #6	Bosques de Ixtacala	Atizapán de Zaragoza	55 2179 7660	Elena Gómez	55 2179 7661
9	Calle Teotihuacan	password123	Calle Teotihuacan #15	Cerro Grande	Atizapán de Zaragoza	55 7211 8520	Javier Martínez	55 7211 8521
10	Paseo Buenavista	pass@123	Paseo Buenavista #1	El Cerrito	Atizapán de Zaragoza	55 1361 4569	María García	55 1361 4570
11	Calle Tucán	tucanpass	Calle Tucán #48	El Chaparral	Atizapán de Zaragoza	55 3931 3519	Carlos Rodríguez	55 3931 3518
12	Retorno de la Tranquilidad	tranquilpass	Retorno de la Tranquilidad No. 8-A	Hogares de Atizapán	Atizapán de Zaragoza	56 3583 4925	Ana López	56 3583 4924
13	Pavo Real	pavopass	Pavo Real #18	Las Águilas	Atizapán de Zaragoza	56 2810 3085	Miguel Pérez	56 2810 3084
14	Mirador	mirador123	Mirador #100	Las Peñitas	Atizapán de Zaragoza	56 2742 4245	Laura González	56 2742 4246
15	Calle Chihuahua	chihuahua456	Calle Chihuahua 151-A	Lázaro Cardenas	Atizapán de Zaragoza	55 2943 5985	Pedro Martínez	55 2943 5984
16	DIF Central	acambay123	A: Ruiz Cortines, Esc, Acambay. DIF Central	Lomas de Atizapán	Atizapán de Zaragoza	55 6909 5267	Sofía Gómez	55 6909 5266
17	Calle Vicente Guerrero	vicentepass	Calle Vicente Guerrero #2	Lomas de Guadalupe	Atizapán de Zaragoza	55 6504 2802	Jorge Pérez	55 6504 2801
18	Calle Monte Real	montepass	Calle Monte Real Mz. 406 Lt. 11	Loras de Monte María	Atizapán de Zaragoza	55 8197 3756	Valentina Martínez	55 8197 3755
19	Jacarandas	jacarandapass	Jacarandas #5	Lomas de San Miguel	Atizapán de Zaragoza	55 8614 5481	Martín Pérez	55 8614 5482
20	Calle seis	seispass	Calle seis #14	Lomas de Tepalcapa	Atizapán de Zaragoza	55 4483 6519	Andrés Rodríguez	55 4483 6518
21	Calle Mérida	meridapass	Calle Mérida No. 10	Los Olivos 2	Atizapán de Zaragoza	56 3416 7990	Laura Gómez	56 3416 7989
22	Calle Francisco Javier Mina	franciscopass	Calle Francisco Javier Mina #12	Margarita Maza de Juárez	Atizapán de Zaragoza	55 2484 2220	Valeria Pérez	55 2484 2219
23	Calle Italia	italiapass	Calle Italia #53	México 86	Atizapán de Zaragoza	56 3457 5638	Roberto Gómez	56 3457 5639
24	Clavel	clavelpass	Clavel no.13 Mz.13 Lt. 7	Prados Ixtcala 2da secc	Atizapán de Zaragoza	56 2031 8471	Isabella Martínez	56 2031 8472
25	Calle Belisario Dominguez	belisariopass	Calle Belisario Dominguez #44	Primero de Septiembre	Atizapán de Zaragoza	55 6862 2143	Alejandro Pérez	55 6862 2142
26	Calle Sandía	sandiapass	Calle Sandía #24	Prof. Cristobal Higuera	Atizapán de Zaragoza	55 2849 9927	Sara Rodríguez	55 2849 9928
27	Calle del Puente	puentepass	Calle del Puente s/n (salón de usos múltiples)	Kancho Castro	Atizapán de Zaragoza	55 3714 1425	Joaquín Gómez	55 3714 1424
28	Calle Rosas	rosapass	Calle Rosas Mz. 4 Lt. 15	Rinconada Bonfil	Atizapán de Zaragoza	55 3229 7233	Gisela Pérez	55 3229 7232
29	Calle Jazmin	jazminpass	Calle Jazmin #22	San José el Jaral 2	Atizapán de Zaragoza	55 6029 4795	Diego Martínez	55 6029 4796
30	Calle Profesor Roberto Barrio	robertopass	Calle Profesor Roberto Barrio No. 2	San Juan Bosco	Atizapán de Zaragoza	55 3484 5591	Jessica Rodríguez	55 3484 5590
31	Loma San Juan	lomapass	Loma San Juan 194, Plano Norte 1	San Juan Ixtacala Plano Norte	Atizapán de Zaragoza	55 4048 8294	Javier Pérez	55 4048 8295
32	Boulevard Ignacio Zaragoza	boulevardpass	Boulevard Ignacio Zaragoza, Loma Alta #82	San Juan Ixtacala Plano Norte	Atizapán de Zaragoza	55 3143 4220	Verónica Gómez	55 3143 4221
33	Hacienda de la Flor	haciendapass	Hacienda de la Flor #14	Tierra de en Medio	Atizapán de Zaragoza	55 2701 4162	José Martínez	55 2701 4163
34	Calle Ingenieria Industrial	ingenieriapass	Calle Ingenieria Industrial Mz. 24 Lt. 45	UAM	Atizapán de Zaragoza	56 1827 8539	Isaac Pérez	56 1827 8538
35	Calle Villa Alba, Esq. Bicentenario Cda. Francisco Villa s/n	villapass	Calle Villa Alba Mz. 17 Lt. 9, Esq. Bicentenario Cda. Francisco Villa s/n	Villa de las Torres	Atizapán de Zaragoza	55 3577 1343	Alicia Martínez	55 3577 1342
36	Calle de las Chaparreras	chaparreraspass	Calle de las Chaparreras #5	Villa Jardin tillas de la Hacienda	Atizapán de Zaragoza	55 6021 2020	Arturo Gómez	55 6021 2021
37	San Juan Ixtacala Plano Norte	sanjuanpass	San Juan Ixtacala Plano Norte	Villa de las Torres	Atizapán de Zaragoza	55 3143 4220	Ricardo Díaz	55 3143 4221
38	Tierra de en Medio	tierrapass	Tierra de en Medio	Villa Jardin tillas de la Hacienda	Atizapán de Zaragoza	55 2701 4162	Isabel Sánchez	55 2701 4163
