idComedor	idVoluntario	rol
1	39	Administrador
2	40	Administrador
3	41	Administrador
4	42	Administrador
5	43	Administrador
6	44	Administrador
7	45	Administrador
8	46	Administrador
9	47	Administrador
10	48	Administrador
11	49	Administrador
12	50	Administrador
13	51	Administrador
14	52	Administrador
15	53	Administrador
16	54	Administrador
17	55	Administrador
18	56	Administrador
19	57	Administrador
20	58	Administrador
21	59	Administrador
22	60	Administrador
23	61	Administrador
24	62	Administrador
25	63	Administrador
26	64	Administrador
27	65	Administrador
28	66	Administrador
29	67	Administrador
30	68	Administrador
31	69	Administrador
32	70	Administrador
33	71	Administrador
34	72	Administrador
35	73	Administrador
36	74	Administrador
37	75	Administrador
38	76	Administrador
