idVoluntario	nombre	fechaNacimiento	telefono
39	Juan Pérez González	1963-07-20	5512345678
40	María Rodríguez López	1962-05-15	5567890123
41	Luis Sánchez Ramírez	1960-11-30	5545678901
42	Ana Torres Vargas	1961-08-25	5512345678
43	Carlos Martínez Ortega	1964-03-10	5567890123
44	Laura Díaz Cruz	1965-09-05	5545678901
45	José Hernández Romero	1960-12-15	5512345678
46	Rosa Mendoza Reyes	1963-06-20	5567890123
47	Fernando González Morales	1962-02-08	5545678901
48	Sofía Ramírez Fernández	1961-04-03	5512345678
49	David Vargas Cruz	1964-10-17	5567890123
50	Patricia López Torres	1960-08-22	5545678901
51	Elena Pérez Díaz	1963-11-27	5512345678
52	Roberto Sánchez Martínez	1962-07-14	5567890123
53	Carmen Ortega González	1961-01-31	5545678901
54	Javier Cruz Hernández	1965-02-25	5512345678
55	Isabel Romero Ramírez	1964-10-12	5567890123
56	Miguel Ramírez Vargas	1960-03-05	5545678901
57	Mariana Martínez Díaz	1963-12-30	5512345678
58	Alejandro López Cruz	1962-04-27	5567890123
59	Teresa González Pérez	1961-09-10	5545678901
60	Raúl Torres Sánchez	1964-06-15	5512345678
61	Silvia Sánchez Morales	1965-11-20	5567890123
62	Arturo Díaz Ramírez	1960-01-05	5545678901
63	Patricia Cruz Romero	1963-10-10	5512345678
64	Fernando Romero Pérez	1962-08-06	5567890123
65	Gabriela Torres López	1961-03-01	5545678901
66	Alberto González Ortega	1964-12-05	5512345678
67	Natalia Martínez Sánchez	1960-02-10	5567890123
68	Luis Ramírez Vargas	1963-05-15	5545678901
69	Adriana López Cruz	1962-09-20	5512345678
70	Renata García Sánchez	1961-11-09	5567890123
71	Hugo Morales Torres	1962-06-14	5545678901
72	Ximena Ortega Martínez	1960-07-25	5512345678
73	Emiliano López González	1964-08-30	5567890123
74	Camila Pérez Díaz	1965-02-10	5545678901
75	Sebastián Sánchez Cruz	1963-04-22	5512345678
76	Valentina Torres Ramírez	1961-10-05	5567890123
